student_id,study_hours_per_day,attendance_percentage,sleep_hours,days_absent_per_month,marks,pass_fail
1,4.62,82.1,4.52,2,63.4,1
2,8.66,54.21,8.51,7,82.6,1
3,7.12,58.08,6.53,9,65.9,1
4,6.19,94.93,8.13,0,83.2,1
5,3.09,80.32,5.6,4,66.1,1
6,3.09,50.46,8.48,9,55.4,1
7,2.41,55.07,5.95,5,45.3,1
8,8.06,83.18,4.05,3,79.8,1
9,6.21,50.25,8.53,10,75.3,1
10,6.96,58.04,4.46,8,67.3,1
11,2.14,77.44,5.6,2,60.3,1
12,8.79,84.59,8.75,2,92.2,1
13,7.83,82.6,8.75,3,84.9,1
14,3.49,61.21,6.87,10,65.0,1
15,3.27,85.61,7.16,3,67.5,1
16,3.28,61.86,6.24,6,55.6,1
17,4.13,66.27,5.47,3,64.7,1
18,5.67,87.32,5.64,3,76.8,1
19,5.02,82.48,7.36,5,77.0,1
20,4.04,92.46,7.76,3,85.1,1
21,6.28,82.88,7.96,3,79.6,1
22,2.98,78.42,7.95,5,70.8,1
23,4.05,54.68,4.46,10,51.6,1
24,4.56,68.39,6.47,9,66.1,1
25,5.19,63.26,4.29,10,65.1,1
26,7.5,62.2,6.75,8,77.1,1
27,3.4,98.65,6.21,1,73.8,1
28,5.6,69.65,8.44,8,79.9,1
29,6.15,94.6,5.75,0,78.2,1
30,2.33,81.56,4.59,4,52.3,1
31,6.25,89.74,4.71,2,70.9,1
32,3.19,75.13,7.81,3,58.4,1
33,2.46,78.85,7.09,8,70.9,1
34,8.64,74.63,4.51,8,73.5,1
35,8.76,59.76,4.42,8,71.3,1
36,7.66,86.12,7.5,4,86.5,1
37,4.13,64.04,4.36,6,56.5,1
38,2.68,51.22,8.11,8,58.8,1
39,6.79,82.27,7.53,3,86.1,1
40,5.08,58.86,4.41,8,54.8,1
41,2.85,97.02,4.42,0,62.8,1
42,5.47,97.7,8.93,0,88.9,1
43,2.24,95.74,5.87,1,63.9,1
44,8.37,68.51,5.85,7,84.9,1
45,3.81,50.77,8.06,9,61.7,1
46,6.64,96.42,8.74,0,94.3,1
47,4.18,71.41,8.93,3,74.7,1
48,5.64,98.33,7.77,0,89.9,1
49,5.83,98.18,5.88,1,80.9,1
50,3.29,92.65,4.42,1,58.3,1
51,8.79,64.72,7.89,7,86.3,1
52,7.43,69.25,6.79,3,75.2,1
53,8.58,92.56,6.12,0,87.6,1
54,8.26,65.85,8.53,4,87.3,1
55,6.19,58.47,4.56,10,66.8,1
56,8.45,77.84,6.46,8,84.4,1
57,2.62,96.81,4.06,0,62.6,1
58,3.37,84.8,6.34,3,73.2,1
59,2.32,78.5,4.28,5,54.5,1
60,4.28,54.86,4.59,8,63.2,1
61,4.72,80.75,4.59,6,67.2,1
62,3.9,99.5,7.25,1,70.1,1
63,7.8,57.0,7.73,5,80.2,1
64,4.5,75.92,6.92,4,70.6,1
65,3.97,93.87,8.81,1,85.0,1
66,5.8,87.04,5.87,5,78.3,1
67,2.99,84.85,5.43,0,61.6,1
68,7.62,85.12,8.34,2,84.6,1
69,2.52,67.97,5.12,5,51.8,1
70,8.91,64.68,8.82,10,84.6,1
71,7.41,90.47,4.06,0,75.7,1
72,3.39,90.51,8.85,1,78.7,1
73,2.04,93.35,4.22,2,64.8,1
74,7.71,95.66,8.46,2,96.0,1
75,6.95,75.57,6.64,9,73.2,1
76,7.1,75.08,8.96,5,87.1,1
77,7.4,89.91,4.37,5,83.5,1
78,2.52,82.5,6.77,4,60.9,1
79,4.51,85.1,8.85,2,78.1,1
80,2.81,89.79,6.62,0,67.1,1
81,8.04,94.5,7.15,1,88.3,1
82,6.36,66.9,7.48,6,77.2,1
83,4.32,68.78,6.27,5,63.1,1
84,2.44,54.7,7.14,10,54.8,1
85,4.18,78.91,6.92,3,65.5,1
86,4.28,51.8,8.51,6,61.6,1
87,7.11,73.28,4.23,8,73.3,1
88,6.46,77.13,5.4,6,71.4,1
89,8.21,64.33,8.75,5,91.7,1
90,5.31,79.54,8.45,8,76.8,1
91,2.84,51.53,6.28,9,51.7,1
92,6.99,51.87,7.1,10,73.8,1
93,7.33,91.13,5.39,1,76.2,1
94,5.93,68.01,4.94,8,58.7,1
95,7.4,56.35,6.32,10,65.0,1
96,5.46,76.11,5.77,4,74.6,1
97,5.66,88.5,6.92,3,76.6,1
98,4.99,60.79,4.39,10,67.7,1
99,2.18,81.14,8.87,4,65.5,1
100,2.76,54.27,8.93,8,60.3,1
101,2.22,52.58,7.49,7,58.6,1
102,6.45,76.57,6.68,1,84.5,1
103,4.2,77.03,5.55,7,72.5,1
104,5.56,81.87,8.07,3,84.0,1
105,8.35,86.3,7.42,1,94.3,1
106,3.75,98.79,4.81,0,71.3,1
107,4.87,75.82,8.55,5,78.6,1
108,7.29,66.15,8.11,8,77.7,1
109,3.6,89.76,8.75,3,73.3,1
110,2.54,63.54,7.63,9,58.4,1
111,4.03,71.95,7.07,5,65.4,1
112,3.13,53.92,6.09,8,50.5,1
113,8.51,51.27,8.66,5,83.3,1
114,7.66,98.13,8.33,0,98.7,1
115,6.43,91.8,4.23,3,75.5,1
116,8.1,84.8,4.13,2,84.6,1
117,7.63,70.45,5.88,6,71.8,1
118,3.31,58.66,8.05,4,60.1,1
119,8.25,57.82,8.94,7,80.1,1
120,5.78,62.51,4.75,5,54.9,1
121,7.65,77.46,6.97,7,82.2,1
122,8.27,85.73,5.9,6,84.6,1
123,4.23,83.01,8.85,1,82.7,1
124,2.77,64.0,8.21,6,63.8,1
125,3.6,97.74,8.19,1,74.0,1
126,4.99,86.89,6.34,3,81.2,1
127,7.73,77.72,6.07,5,85.1,1
128,8.03,80.59,5.37,1,82.8,1
129,2.05,70.98,4.28,8,48.5,1
130,5.58,62.39,8.32,10,68.4,1
131,4.92,67.8,8.06,8,69.5,1
132,3.55,87.89,9.0,4,80.7,1
133,2.84,50.72,8.98,10,66.1,1
134,4.36,55.8,6.78,8,66.3,1
135,8.6,52.3,7.84,7,76.9,1
136,4.26,52.04,8.72,8,59.6,1
137,5.63,92.77,8.25,2,84.9,1
138,6.92,85.18,5.24,2,70.4,1
139,4.55,73.71,6.25,3,67.7,1
140,8.8,54.89,4.65,10,70.5,1
141,8.74,74.58,8.77,3,89.2,1
142,3.76,73.67,7.03,6,59.2,1
143,5.48,58.66,5.14,10,62.9,1
144,4.11,71.69,7.36,6,65.0,1
145,3.99,69.93,7.09,10,60.5,1
146,2.26,80.79,5.79,3,47.2,1
147,6.27,81.75,4.57,4,71.4,1
148,5.52,52.27,7.36,9,72.1,1
149,2.36,68.73,6.6,4,63.4,1
150,3.95,81.29,7.86,5,70.1,1
151,8.36,75.16,6.6,4,80.9,1
152,3.68,92.82,8.26,0,78.5,1
153,3.01,82.93,6.76,4,61.5,1
154,5.43,58.15,6.8,8,66.6,1
155,8.9,53.53,8.38,8,85.2,1
156,3.69,82.12,6.02,3,70.6,1
157,6.7,51.33,4.67,10,61.0,1
158,7.33,79.29,4.14,6,72.7,1
159,3.66,97.01,7.78,0,73.3,1
160,7.1,78.77,7.1,4,77.9,1
161,4.57,69.41,7.52,6,67.7,1
162,6.43,82.16,5.06,0,75.2,1
163,6.43,72.91,4.68,8,72.6,1
164,5.75,77.28,4.07,6,62.9,1
165,2.63,97.07,5.75,0,72.6,1
166,7.85,69.31,6.95,4,78.9,1
167,4.25,98.06,5.96,1,74.0,1
168,3.31,95.27,6.19,0,66.9,1
169,2.29,59.79,8.52,4,48.9,1
170,6.14,53.47,5.74,10,66.7,1
171,6.74,55.04,6.57,9,71.6,1
172,2.12,50.91,7.92,10,51.5,1
173,5.58,54.72,5.98,7,62.4,1
174,3.59,84.15,7.11,4,71.4,1
175,6.52,53.56,8.31,10,66.2,1
176,3.22,65.95,8.75,8,63.4,1
177,6.84,92.24,4.74,3,81.6,1
178,4.71,51.16,8.63,6,60.2,1
179,8.56,90.72,6.46,0,91.1,1
180,2.96,64.09,5.29,9,47.9,1
181,4.39,55.91,6.3,6,60.7,1
182,2.79,84.84,8.9,2,71.7,1
183,8.47,81.45,6.46,3,79.4,1
184,8.14,93.87,5.64,1,91.7,1
185,3.81,86.75,7.17,1,68.5,1
186,6.62,90.17,5.2,4,74.9,1
187,7.72,64.1,4.38,7,70.5,1
188,5.89,58.87,4.64,7,65.6,1
189,5.71,87.53,4.64,2,67.7,1
190,3.69,90.34,4.76,1,65.4,1
191,2.65,99.53,4.69,0,66.2,1
192,8.28,70.63,7.2,7,85.8,1
193,8.3,68.6,4.91,5,76.1,1
194,6.43,88.82,5.73,2,77.0,1
195,4.37,67.04,8.48,10,66.5,1
196,4.44,96.54,6.37,1,75.8,1
197,7.08,92.92,7.34,3,83.2,1
198,8.28,71.45,4.86,3,64.6,1
199,8.21,87.54,4.96,3,84.5,1
200,7.46,87.73,4.2,0,81.2,1
