student_id,study_hours,attendance,sleep_hours,marks
1,6.0,63,7.4,55.4
2,4.7,74,7.7,56.1
3,6.3,75,8.3,71.6
4,8.0,70,8.3,76.2
5,4.5,78,5.3,60.2
6,4.5,84,5.9,63.8
7,8.2,100,7.6,94.6
8,6.5,82,7.6,67.6
9,4.1,83,7.6,64.1
10,6.1,79,10.0,66.8
11,4.1,56,7.7,47.3
12,4.1,79,8.4,65.6
13,5.5,80,8.1,70.7
14,1.2,100,7.8,60.3
15,1.6,77,6.6,54.7
16,3.9,83,7.9,60.0
17,3.0,79,6.1,58.1
18,5.6,65,6.7,57.6
19,3.2,93,6.4,63.2
20,2.2,89,7.1,54.2
21,7.9,89,9.8,81.2
22,4.5,69,4.8,59.9
23,5.1,96,7.8,66.2
24,2.2,63,5.1,55.8
25,3.9,87,6.4,55.7
26,5.2,100,8.3,66.1
27,2.7,68,7.1,54.7
28,5.8,73,5.7,68.7
29,3.8,81,6.1,62.3
30,4.4,73,7.8,61.4
31,3.8,61,6.1,49.5
32,8.7,80,7.3,74.8
33,5.0,67,7.1,58.1
34,2.9,85,6.2,52.2
35,6.6,68,9.6,71.2
36,2.6,98,7.8,59.9
37,5.4,70,4.6,55.8
38,1.1,76,7.2,42.2
39,2.3,89,6.2,57.9
40,5.4,65,8.0,55.2
41,6.5,82,6.0,66.2
42,5.3,95,6.9,73.1
43,4.8,60,7.6,55.1
44,4.4,82,8.0,58.7
45,2.0,83,5.6,48.5
46,3.6,89,6.6,62.6
47,4.1,65,6.4,44.0
48,7.1,64,6.2,57.3
49,5.7,86,9.1,65.0
50,1.5,83,7.5,47.8
51,5.6,83,5.5,69.4
52,4.2,84,8.1,70.6
53,3.6,71,9.5,58.3
54,6.2,82,8.2,68.8
55,7.1,83,5.2,74.2
56,6.9,71,6.4,62.0
57,3.3,100,8.5,64.7
58,4.4,85,6.2,61.3
59,5.7,65,7.5,61.8
60,7.0,87,7.9,70.7
61,4.0,68,5.9,56.7
62,4.6,89,6.9,74.9
63,2.8,93,4.0,58.8
64,2.6,70,5.8,50.6
65,6.6,91,6.7,79.8
66,7.7,84,5.5,75.0
67,4.9,89,9.0,68.4
68,7.0,100,5.3,81.6
69,5.7,77,6.5,65.9
70,3.7,70,7.2,48.5
71,5.7,69,8.7,61.8
72,8.1,70,5.3,75.9
73,4.9,79,8.4,71.3
74,8.1,84,7.0,85.0
75,1.0,83,5.8,59.8
76,6.6,89,7.6,70.1
77,5.2,80,7.2,69.6
78,4.4,97,6.3,69.6
79,5.2,76,7.1,75.7
80,1.0,100,6.5,49.7
81,4.6,87,7.1,59.8
82,5.7,69,7.8,58.1
83,8.0,67,8.9,58.4
84,4.0,85,5.5,58.1
85,3.4,77,9.6,50.4
86,4.0,88,4.7,63.5
87,6.8,85,6.8,75.9
88,5.7,79,7.7,77.5
89,3.9,69,7.3,59.3
90,6.0,61,6.3,56.0
91,5.2,74,6.8,56.3
92,6.9,90,6.4,79.5
93,3.6,82,6.3,50.2
94,4.3,65,8.0,64.6
95,4.2,82,7.4,67.9
96,2.1,84,6.2,49.4
97,5.6,69,8.1,51.0
98,5.5,81,7.4,74.3
99,5.0,80,8.0,62.8
100,4.5,66,7.8,62.4
