study_hours_per_day,attendance_percentage,sleep_hours,marks,pass_fail,student_id
6,80,7,60,1,1
6,81,7,61,1,2
6,82,7,62,1,3
6,83,7,63,1,4
6,84,7,64,1,5
6,85,7,65,1,6
6,86,7,66,1,7
6,87,7,67,1,8
6,88,7,68,1,9
6,89,7,69,1,10
6,90,7,70,1,11
6,91,7,71,1,12
6,92,7,72,1,13
6,93,7,73,1,14
6,94,7,74,1,15
6,95,7,75,1,16
6,96,7,76,1,17
6,97,7,77,1,18
6,98,7,78,1,19
6,99,7,79,1,20
6,80,7,80,1,21
6,81,7,81,1,22
6,82,7,82,1,23
6,83,7,83,1,24
6,84,7,84,1,25
6,85,7,85,1,26
6,86,7,86,1,27
6,87,7,87,1,28
6,88,7,88,1,29
6,89,7,89,1,30
6,90,7,90,1,31
6,91,7,91,1,32
6,92,7,92,1,33
6,93,7,93,1,34
6,94,7,94,1,35
6,95,7,95,1,36
6,96,7,96,1,37
6,97,7,97,1,38
6,98,7,98,1,39
6,99,7,99,1,40
